file name,light directions,albedo,optimized albedo
image.png,"[-0.18070680654402257, -0.022147214961372664, 0.9832876237084021]",0.3239723143804039,0.3237163997219233
